amazon	https://www.amazon.com/s?k=laptop&ref=nb_sb_noss_1
bing-search	https://www.bing.com/search?q=barack+obama
buzzfeed	https://www.buzzfeed.com/
cnn	https://www.cnn.com/2021/03/22/weather/climate-change-warm-waters-lake-michigan/index.html
ebay	https://www.ebay.com/
espn	http://www.espn.com/nba/story/_/page/allstarweekend25788027/the-comparison-lebron-james-michael-jordan-their-own-words
expedia	https://expedia.com/Hotel-Search?destination=New+York%2C+New+York&latLong=40.756680%2C-73.986470&regionId=178293&startDate=&endDate=&rooms=1&_xpid=11905%7C1&adults=2
facebook-redesign	https://www.facebook.com
fandom	https://www.fandom.com/articles/fallout-76-will-live-and-die-on-the-creativity-of-its-playerbase
google-docs	https://docs.google.com/document/d/1US-07msg12slQtI_xchzYxcKlTs6Fp7WqIc6W5GK5M8/edit?usp=sharing
google-mail	https://mail.google.com/
google-search	https://www.google.com/search?hl=en&q=barack+obama&cad=h
google-slides	https://docs.google.com/presentation/d/1Ici0ceWwpFvmIb3EmKeWSq_vAQdmmdFcWqaiLqUkJng/edit?usp=sharing
imdb	https://www.imdb.com/title/tt0084967/?ref_=nv_sr_2
imgur	https://imgur.com/gallery/m5tYJL6
instagram	https://www.instagram.com/
linkedin	https://www.linkedin.com/in/thommy-harris-hk-385723106/
live	https://outlook.live.com/mail/inbox
live-office	https://office.live.com/start/Word.aspx?omkt=en-US
microsoft	https://www.microsoft.com/en-us/
netflix	https://www.netflix.com/title/80117263
nytimes	https://www.nytimes.com/2020/02/19/opinion/surprise-medical-bill.html
paypal	https://www.paypal.com/myaccount/summary/
pinterest	https://pinterest.com/
reddit	https://www.reddit.com/r/technology/comments/9sqwyh/we_posed_as_100_senators_to_run_ads_on_facebook/
tumblr	https://www.tumblr.com/dashboard
twitch	https://www.twitch.tv/videos/326804629
twitter	https://twitter.com/BarackObama
wikia	https://marvel.fandom.com/wiki/Black_Panther
wikipedia	https://en.wikipedia.org/wiki/Barack_Obama
yahoo-mail	https://mail.yahoo.com/
youtube	https://www.youtube.com
